expressao;importancia
toque seco;11.851748113091368
todos tipos pele;10.022604511906621
rápida absorção;9.195971315708563
radicais livres;7.309831878266476
pele oleosa;6.517811449349298
linhas expressão;6.27206860825355
efeito matte;6.20005141931246
possui textura;6.133261264837469
textura leve;5.7982628689578535
previne envelhecimento;5.3173985713638565
alta cobertura;5.228319000754652
oil free;5.005742265078855
previne rugas;3.5512494998189235
