expressao;importancia
toque seco;19.149622263076257
todos tipos pele;14.239771637340011
resistente água;13.419382274786301
rápida absorção;12.690977538049415
textura leve;12.62750301344769
ação antioxidante;10.996307122290991
controle oleosidade;10.67357560067543
possui textura;9.925920386017793
radicais livres;9.61410398411868
ácido hialurônico;9.44996658818204
efeito matte;9.416556975374231
oil free;8.80515683287048
oil control;8.244127572785182
