expressao;importancia
uso diário;9.328512721884735
dermatologicamente testado;8.011578601489425
rápida absorção;7.860267385867627
todos tipos pele;7.17997414384923
oil free;6.349023979575419
ácido hialurônico;5.96853930790262
hydro boost;5.428451556433722
textura ultraleve;5.371486906565743
textura leve;5.048933536384299
boost water;3.3053820752322647
water gel;2.9192719999646206
